[
    {
        "tarih": 1751534737,
        "bayi": "Ergünler",
        "amperler": {
            "40 - 44 Amper": 2,
            "45 - 49 Amper": 3,
            "50 - 54 Amper": 2,
            "55 - 59 Amper": 2,
            "60 - 64 Amper": 3
        }
    },
    {
        "tarih": 1751534787,
        "bayi": "Özaydın oto elektrik",
        "amperler": {
            "40 - 44 Amper": 1,
            "140 - 149 Amper": 1,
            "150 - 159 Amper": 1,
            "160 - 169 Amper": 1,
            "170 - 179 Amper": 1,
            "180 - 189 Amper": 1,
            "190 - 199 Amper": 1,
            "200 - 219 Amper": 1,
            "220 - 240 Amper": 2,
            "241 - 250 Amper": 1
        }
    },
    {
        "tarih": 1751868111,
        "bayi": "MARDİN KOMUTANLIĞI",
        "amperler": {
            "40 - 44 Amper": 1,
            "105 - 109 Amper": 1,
            "110 - 119 Amper": 1,
            "120 - 129 Amper": 1,
            "130 - 139 Amper": 1,
            "140 - 149 Amper": 1,
            "180 - 189 Amper": 10,
            "190 - 199 Amper": 1,
            "200 - 219 Amper": 6,
            "220 - 240 Amper": 5,
            "241 - 250 Amper": 9
        }
    }
]