[
    {
        "id": 1,
        "ad": "50 Start-Stop AGM Leo",
        "kod": "1014399",
        "tip": "AGM",
        "birim": "Adet",
        "satis_fiyati": 5500,
        "kdvsiz_fiyat": 4583.33
    },
    {
        "id": 2,
        "ad": "60 Start-Stop AGM Leo",
        "kod": "1012432",
        "tip": "AGM",
        "birim": "Adet",
        "satis_fiyati": 6750,
        "kdvsiz_fiyat": 5625
    },
    {
        "id": 3,
        "ad": "70 Start-Stop AGM Leo",
        "kod": "1010192",
        "tip": "AGM",
        "birim": "Adet",
        "satis_fiyati": 8100,
        "kdvsiz_fiyat": 6750
    },
    {
        "id": 4,
        "ad": "95 Start-Stop AGM Leo",
        "kod": "1012433",
        "tip": "AGM",
        "birim": "Adet",
        "satis_fiyati": 9500,
        "kdvsiz_fiyat": 7916.67
    },
    {
        "id": 5,
        "ad": "105 Start-Stop AGM Leo",
        "kod": "1012468",
        "tip": "AGM",
        "birim": "Adet",
        "satis_fiyati": 10500,
        "kdvsiz_fiyat": 8750
    },
    {
        "id": 6,
        "ad": "65 Start-Stop EFB MAX Tigris",
        "kod": "1011012",
        "tip": "EFB Max Tigris",
        "birim": "Adet",
        "satis_fiyati": 5800,
        "kdvsiz_fiyat": 4833.33
    },
    {
        "id": 7,
        "ad": "75 Start-Stop EFB MAX Tigris",
        "kod": "1011013",
        "tip": "EFB Max Tigris",
        "birim": "Adet",
        "satis_fiyati": 6500,
        "kdvsiz_fiyat": 5416.67
    },
    {
        "id": 9,
        "ad": "100 Start-Stop EFB MAX Tigris",
        "kod": "1011016",
        "tip": "EFB Max Tigris",
        "birim": "Adet",
        "satis_fiyati": 9000,
        "kdvsiz_fiyat": 7500
    },
    {
        "id": 10,
        "ad": "65 Start-Stop EFB Pantera",
        "kod": "1011017",
        "tip": "EFB Pantera",
        "birim": "Adet",
        "satis_fiyati": 5400,
        "kdvsiz_fiyat": 4500
    },
   
  
    {
        "id": 13,
        "ad": "72 Start-Stop EFB Pantera",
        "kod": "1011020",
        "tip": "EFB Pantera",
        "birim": "Adet",
        "satis_fiyati": 5200,
        "kdvsiz_fiyat": 5166.67
    },
    {
        "id": 14,
        "ad": "75 Maxim A Gorilla (Alçak)",
        "kod": "1014755",
        "tip": "KÜÇÜK TİP",
        "birim": "Adet",
        "satis_fiyati": 4900,
        "kdvsiz_fiyat": 4583.33
    },
    {
        "id": 15,
        "ad": "105 Maxim A Gorilla",
        "kod": "1014675",
        "tip": "KÜÇÜK TİP",
        "birim": "Adet",
        "satis_fiyati": 6350,
        "kdvsiz_fiyat": 5291.67
    },
    {
        "id": 16,
        "ad": "42 Maxim A Gorilla ( İnce Kutup )",
        "kod": "1011180",
        "tip": "KÜÇÜK TİP",
        "birim": "Adet",
        "satis_fiyati": 5100,
        "kdvsiz_fiyat": 2583.33
    },
    {
        "id": 17,
        "ad": "55 Maxim A Gorilla",
        "kod": "1011181",
        "tip": "KÜÇÜK TİP",
        "birim": "Adet",
        "satis_fiyati": 5300,
        "kdvsiz_fiyat": 2916.67
    },
    {
        "id": 18,
        "ad": "55 Maxim A Gorilla ( KARE )",
        "kod": "1010160",
        "tip": "KÜÇÜK TİP",
        "birim": "Adet",
        "satis_fiyati": 5300,
        "kdvsiz_fiyat": 2916.67
    },
    {
        "id": 19,
        "ad": "100 Maxim A Gorilla",
        "kod": "1011169",
        "tip": "KÜÇÜK TİP",
        "birim": "Adet",
        "satis_fiyati": 5900,
        "kdvsiz_fiyat": 4916.67
    },
    {
        "id": 20,
        "ad": "50 Formul A Taurus (Alçak)",
        "kod": "1011156",
        "tip": "KÜÇÜK TİP",
        "birim": "Adet",
        "satis_fiyati": 4200,
        "kdvsiz_fiyat": 3150
    },
    {
        "id": 21,
        "ad": "60 Formul A Taurus (Alçak)",
        "kod": "1011157",
        "tip": "KÜÇÜK TİP",
        "birim": "Adet",
        "satis_fiyati": 4800,
        "kdvsiz_fiyat": 3200
    },
    {
        "id": 22,
        "ad": "72 Formul A Taurus (Alçak)",
        "kod": "1011163",
        "tip": "KÜÇÜK TİP",
        "birim": "Adet",
        "satis_fiyati": 4200,
        "kdvsiz_fiyat": 3150
    },
    {
        "id": 23,
        "ad": "82 Formul A Taurus (Alçak)",
        "kod": "1011164",
        "tip": "KÜÇÜK TİP",
        "birim": "Adet",
        "satis_fiyati": 4850,
        "kdvsiz_fiyat": 4041.67
    },
    {
        "id": 24,
        "ad": "45 Formul A Taurus",
        "kod": "1011165",
        "tip": "KÜÇÜK TİP",
        "birim": "Adet",
        "satis_fiyati": 4200,
        "kdvsiz_fiyat": 3150
    },
    {
        "id": 25,
        "ad": "75 Formul A Taurus",
        "kod": "1011166",
        "tip": "KÜÇÜK TİP",
        "birim": "Adet",
        "satis_fiyati": 5200,
        "kdvsiz_fiyat": 4166.67
    },
    {
        "id": 26,
        "ad": "90 Formul A Taurus",
        "kod": "1011167",
        "tip": "KÜÇÜK TİP",
        "birim": "Adet",
        "satis_fiyati": 5200,
        "kdvsiz_fiyat": 4166.67
    },
    {
        "id": 28,
        "ad": "185 Start-Stop EFB Pantera",
        "kod": "1014070",
        "tip": "BÜYÜK TİP",
        "birim": "Adet",
        "satis_fiyati": 14000,
        "kdvsiz_fiyat": 11750
    },
    {
        "id": 29,
        "ad": "230 Start-Stop EFB Pantera",
        "kod": "1014071",
        "tip": "BÜYÜK TİP",
        "birim": "Adet",
        "satis_fiyati": 11750,
        "kdvsiz_fiyat": 9791.67
    },
    {
        "id": 30,
        "ad": "250 Maxim A Gorilla",
        "kod": "1014069",
        "tip": "BÜYÜK TİP",
        "birim": "Adet",
        "satis_fiyati": 15000,
        "kdvsiz_fiyat": 12500
    },
    {
        "id": 30,
        "ad": "190 Maxim A Gorilla",
        "kod": "1014068",
        "tip": "BÜYÜK TİP",
        "birim": "Adet",
        "satis_fiyati": 11800,
        "kdvsiz_fiyat": 9833.34
    },
    {
        "id": 31,
        "ad": "225 Formul A Taurus",
        "kod": "1014065",
        "tip": "BÜYÜK TİP",
        "birim": "Adet",
        "satis_fiyati": 14000,
        "kdvsiz_fiyat": 11666.67

    },
    {
        "id": 31,
        "ad": "180 Formul A Taurus",
        "kod": "1014065",
        "tip": "BÜYÜK TİP",
        "birim": "Adet",
        "satis_fiyati": 11000,
        "kdvsiz_fiyat": 9166.67

    },
    {
        "id": 31,
        "ad": "150 Formul A Taurus",
        "kod": "1014064",
        "tip": "BÜYÜK TİP",
        "birim": "Adet",
        "satis_fiyati": 9200,
        "kdvsiz_fiyat": 7666.67
    },
    {
        "id": 32,
        "ad": "135 Formul A Taurus",
        "kod": "1014063",
        "tip": "BÜYÜK TİP",
        "birim": "Adet",
        "satis_fiyati": 8250,
        "kdvsiz_fiyat": 6875
    },
    {
        "id": 33,
        "ad": "105 Supr A Sentor (Alçak)",
        "kod": "1010171",
        "tip": "BÜYÜK TİP",
        "birim": "Adet",
        "satis_fiyati": 5500,
        "kdvsiz_fiyat": 4583.33
    },
    {
        "id": 34,
        "ad": "125 Supr A Sentor",
        "kod": "1010208",
        "tip": "BÜYÜK TİP",
        "birim": "Adet",
        "satis_fiyati": 7000,
        "kdvsiz_fiyat": 5833.33
    },
    {
        "id": 35,
        "ad": "12 YUASA-YTX14-BS(CP)",
        "kod": "6001446",
        "tip": "BESLEME AKÜ",
        "birim": "Adet",
        "satis_fiyati": 2800,
        "kdvsiz_fiyat": 2333.33
    }
]